{"frameRate":12,"version":"4.5","armature":[{"defaultActions":[{"gotoAndPlay":"running"}],"skin":[{"name":"","slot":[{"display":[{"bonePose":[2,-0.9989616554127901,0.04555887416231812,-0.04555887416231812,-0.9989616554127901,243,-71.85,8,0.40944793389536166,0.9123334858640341,-0.9123334858640341,0.40944793389536166,54.74999999999998,-29.650000000000006,6,0.6192722570255784,0.7851763315831967,-0.7851763315831967,0.6192722570255784,134.60000000000002,-15.949999999999996,7,0.020057019858799596,0.9997988377440652,-0.9997988377440652,0.020057019858799596,-108.4,-41.04999999999998,9,-0.21351273805523374,0.9769402800008592,-0.9769402800008592,-0.21351273805523374,-140.35000000000002,-109.5],"slotPose":[0.5000000000000001,1.1102230246251565e-16,-1.1102230246251565e-16,0.5000000000000001,20.535211267605604,-67.30000000000013],"userEdges":[8,9,27,28],"vertices":[-567,-524,567,-524,-567,524,567,524,-377.05,435.7,-323.4,217.85,-215.95,430.9,-171.8,210.15,-65.25,273.5,-24,271.55,54.7,245.65,272.55,475,218.8,239.9,469.3,430.9,421.3,316.7,567,285.95,516.3,219.75,497.1,-47.05,567,-149.7,469.3,-151.65,202.5,-524,276.4,-206.35,104.6,-318.6,48,-283.1,-85.4,-344.55,-131.5,-356.05,-53.75,-247.6,-290.8,-129.55,-332.05,-103.65,-453.95,-19.2,-547,132.4,-455.85,70.05,-456.7,276.35,-412.65,403.05,-356.05,59.5,226.45,171.8,133.35,35.5,16.3,-136.25,65.25,-221.65,211.1,-38.35,311.85,41.3,263.9,224.6,347.4,283.1,464.45,307.1,526.85,295.6,479.8,134.35,470.2,32.65,341.6,-296.5,260.05,-394.4,211.1,-350.25,409.83,324.66,332.27,328.83,269.2,282.27,412.23,323.88,396.53,410.27,156.93,374.1,223.52,329.08,376.24,324.84,388.26,331.06,231.44,504.12,-115.12,200.6,-116.39,242.1,248.46,454.4,334.79,358.85,305.75,258.06,253.5,-47],"type":"mesh","width":1134,"height":1048,"uvs":[0,0,1,0,0,1,1,1,0.1675,0.91574,0.21481,0.70787,0.30957,0.91116,0.3433,0.751,0.42059,0.76808,0.48669,0.76092,0.54824,0.7344,0.8003,0.99914,0.69295,0.72891,0.91384,0.91116,0.87152,0.80219,1,0.77285,0.95529,0.70969,0.93836,0.4551,1,0.35716,0.91384,0.3553,0.67857,0,0.74374,0.3031,0.59224,0.19599,0.54233,0.22987,0.42469,0.17123,0.38404,0.16026,0.4526,0.26374,0.24356,0.37638,0.20719,0.4011,0.09969,0.48168,0.01764,0.62634,0.09802,0.56684,0.09727,0.76369,0.13611,0.88459,0.18602,0.55677,0.69969,0.66393,0.61759,0.53387,0.51437,0.36999,0.55754,0.2885,0.68616,0.46341,0.775,0.53941,0.73272,0.71431,0.80635,0.77013,0.90957,0.79303,0.96459,0.78206,0.9231,0.6282,0.91464,0.53115,0.80123,0.21708,0.72932,0.12366,0.68616,0.16579,0.87152,0.88917,0.79365,0.81679,0.7429,0.77195,0.87319,0.84065,0.89775,0.87724,0.64048,0.85988,0.70057,0.81679,0.84264,0.80677,0.86076,0.81713,0.71847,0.97066,0.27593,1,0.29846,0.98044,0.73721,0.92414,0.83069,0.86927,0.77116,0.74618,0.72354,0.45515],"transform":{"y":5.59,"skX":-177.3888,"skY":-177.3888,"scX":0.5,"scY":0.5,"x":222.4411},"weights":[1,9,1,1,2,1,2,9,0.754804236096238,7,0.24519576390376188,2,6,0.914017059865384,8,0.08598294013461609,2,9,0.8182071472088768,7,0.1817928527911232,3,2,0.05545064497961113,9,0.5144136476480852,7,0.4301357073723037,2,7,0.9747848275191449,9,0.0252151724808551,4,2,0.13122022280317472,7,0.6961608941229132,9,0.10908439777994217,8,0.06353448529397003,4,2,0.19416558770834513,7,0.3681120817567883,8,0.31587050374181075,9,0.12185182679305591,4,2,0.18260772633970512,8,0.45166366089912785,7,0.23270240521482138,6,0.13302620754634556,4,2,0.09111498416879223,8,0.754175004392603,6,0.10111479674044777,7,0.05359521469815687,2,8,0.9868711674022659,6,0.013128832597734065,3,2,0.051688453663419454,8,0.6032915529762011,6,0.3450199933603794,2,6,0.9960377165096125,8,0.003962283490387386,1,2,1,1,2,1,1,2,1,2,2,0.9568854484891244,6,0.04311455151087563,1,2,1,1,2,1,1,2,1,1,2,1,1,2,1,1,2,1,1,2,1,1,2,1,1,2,1,3,2,0.10430891034812002,9,0.8235605859900567,7,0.07213050366182343,4,2,0.02,7,0.01,9,0.89,6,0.08,3,2,0.7961511747742421,9,0.1562634197785204,7,0.047585405447237515,3,2,0.5377733919684539,9,0.3405515366420433,7,0.12167507138950279,3,2,0.8395020362976832,9,0.12898572201247677,7,0.03151224168984013,3,2,0.044698463118464815,9,0.8905946676240082,7,0.06470686925752707,3,2,0.0016664168877814265,9,0.9894917311774494,7,0.008841851934769154,1,2,1,1,2,1,1,2,1,1,2,1,1,2,1,1,2,1,1,2,1,1,2,1,1,2,1,1,2,1,1,2,1,1,2,1,1,2,1,1,2,1,1,2,1,1,2,1,1,6,1,1,6,1,2,2,0.08,6,0.92,1,6,1,2,2,0.06,6,0.9400000000000001,1,8,1,2,2,0.09,8,0.91,1,6,1,1,6,1,2,2,0.17,8,0.8300000000000001,1,2,1,1,2,1,1,8,1,1,6,1,1,2,1,1,2,1],"edges":[2,0,15,3,1,18,18,15,0,20,20,1,3,60,60,2],"triangles":[59,60,11,46,45,17,17,45,16,54,13,44,43,54,44,16,44,15,44,13,15,47,19,18,19,17,18,16,15,18,17,16,18,48,47,1,20,48,1,47,18,1,11,60,3,13,11,3,15,13,3,16,43,44,14,43,16,42,14,16,45,42,16,53,54,43,19,65,17,65,40,17,40,46,17,14,53,43,50,11,13,47,21,19,64,42,45,46,40,45,40,64,45,41,64,40,54,50,13,21,65,19,14,58,53,53,50,54,61,60,59,35,41,40,42,57,14,63,11,50,63,50,53,58,63,53,57,58,14,62,11,63,57,63,58,51,63,57,42,51,57,51,62,63,56,62,51,62,59,11,48,49,47,52,51,42,64,52,42,49,21,47,0,25,20,52,56,51,36,35,40,39,36,40,65,39,40,39,65,21,41,52,64,56,55,62,49,22,21,22,38,21,38,39,21,41,12,52,12,56,52,20,49,48,55,59,62,35,12,41,55,61,59,38,37,39,20,22,49,10,55,12,10,12,35,36,10,35,12,55,56,25,24,20,37,36,39,24,22,20,9,6,55,6,61,55,10,9,55,8,6,9,23,38,22,37,8,36,8,9,36,9,10,36,7,8,37,24,23,22,34,7,37,27,34,37,23,26,38,26,37,38,24,26,23,26,27,37,7,6,8,24,25,26,25,27,26,34,5,7,28,34,27,0,27,25,5,4,6,5,6,7,33,4,5,0,28,27,60,61,6,4,60,6,4,2,60,29,34,28,0,29,28,32,33,5,34,31,5,31,32,5,31,30,32,29,31,34,33,2,4,32,2,33,30,2,32,30,31,29,0,30,29,0,2,30],"name":"boar-mesh"}],"name":"boar-mesh"}]}],"animation":[{"ffd":[],"duration":6,"frame":[],"slot":[],"bone":[{"frame":[{"tweenEasing":null,"transform":{},"duration":6}],"name":"root"},{"frame":[{"transform":{"skX":-4.9988,"skY":-4.9988},"duration":1,"curve":[0,0,0.5,1]},{"tweenEasing":0,"transform":{"y":-19.2967,"skX":-6.9988,"skY":-6.9988},"duration":2},{"tweenEasing":0,"transform":{"y":-36.6285,"skX":-4.9988,"skY":-4.9988},"duration":2},{"tweenEasing":0,"transform":{"y":-12.2095,"skX":-0.9988,"skY":-0.9988},"duration":1},{"tweenEasing":null,"transform":{"skX":-4.9988,"skY":-4.9988},"duration":0}],"name":"body"},{"frame":[{"tweenEasing":null,"transform":{},"duration":6}],"name":"front l"},{"frame":[{"tweenEasing":null,"transform":{},"duration":6}],"name":"front r"},{"frame":[{"tweenEasing":null,"transform":{},"duration":6}],"name":"rear r"},{"frame":[{"tweenEasing":null,"transform":{},"duration":6}],"name":"rear l"},{"frame":[{"transform":{"x":122.2597},"duration":3,"curve":[0,0,0.5,1]},{"transform":{"y":-95.4564,"x":-133.2842},"duration":3,"curve":[0,0,0.5,1]},{"tweenEasing":null,"transform":{"x":122.2597},"duration":0}],"name":"front R"},{"frame":[{"transform":{"x":129.0162},"duration":3,"curve":[0,0,0.5,1]},{"transform":{"y":-114.8024,"x":-130.3386},"duration":3,"curve":[0,0,0.5,1]},{"tweenEasing":null,"transform":{"x":129.0162},"duration":0}],"name":"front L"},{"frame":[{"transform":{"y":-7.9362,"x":-116.0395},"duration":3,"curve":[0,0,0.5,1]},{"transform":{"y":-7.9362,"x":145.6392},"duration":3,"curve":[0,0,0.5,1]},{"tweenEasing":null,"transform":{"y":-7.9362,"x":-116.0395},"duration":0}],"name":"rear L"},{"frame":[{"transform":{"x":-157.9724},"duration":3,"curve":[0,0,0.5,1]},{"transform":{"y":-15.0144,"x":107.8889},"duration":3,"curve":[0,0,0.5,1]},{"tweenEasing":null,"transform":{"x":-157.9724},"duration":0}],"name":"rear R"}],"playTimes":0,"name":"running"}],"aabb":{"x":-474.02772706585773,"y":-600.3247787230234,"width":1134,"height":1048},"slot":[{"name":"boar-mesh","parent":"body"}],"frameRate":12,"ik":[{"target":"front R","bone":"front r","name":"bone_ik"},{"target":"rear R","bone":"rear r","name":"bone_ik3"},{"target":"front L","bone":"front l","name":"bone_ik1"},{"target":"rear L","bone":"rear l","name":"bone_ik2"}],"type":"Armature","bone":[{"transform":{},"name":"root"},{"transform":{"y":135.712,"x":-193.9417},"name":"rear L","parent":"root"},{"length":449,"parent":"root","transform":{"y":-71.85,"skX":177.3888,